net,length_um
_2353_,523.905
_2638_,516.69
_1741_,489.5
_2692_,471.08
_2857_,456.88
_2966_,455.1
_2506_,443.65
_3334_,436.18
_2933_,426.38
_3086_,419.45
_3196_,411.47
_1381_,410.83
_3449_,410.77
_2977_,410.4
_3032_,401.08
_1807_,400.13
_1533_,399.65
_3623_,399.545
_2714_,392.98
_2036_,386.68
_3406_,383.63
_1730_,381.23
_2867_,381.09
_2627_,379.385
_3521_,378.08
_3647_,370.54
_2572_,367.47
_3287_,364.575
_3310_,359.46
net152,353.17
_2703_,343.37
_2517_,340.91
_3319_,340.64
_2878_,338.015
_1839_,335.98
_3331_,335.09
_1752_,332.44
_1621_,331.96
_1566_,331.905
_3330_,331.1
_0506_,330.365
_2681_,327.43
_3414_,323.38
_2671_,321.48
_2846_,317.88
_1107_,316.35
_1818_,316.04
_2364_,315.4
net149,315.4
_3524_,312.65
_1632_,310.74
_3329_,310.075
_3379_,300.62
_3268_,300.19
_1938_,300.08
_0671_,298.85
_1457_,298.555
_2922_,291.15
_1850_,288.2
_1271_,287.42
_2386_,286.04
_1654_,283.78
_3810_,283.58
_3314_,282.79
_3518_,279.86
_2397_,279.7
_3809_,276.2
_3332_,276.05
_1544_,274.14
_3376_,271.36
_3333_,267.1
_0769_,266.98
_3275_,266.42
_2474_,264.64
_1675_,262.17
_3508_,260.96
_3130_,260.6
_1555_,260.16
_2495_,260.075
_0596_,259.97
_1490_,256.62
_3324_,255.5
_0660_,254.68
_2342_,252.97
_0332_,252.855
_3312_,251.9
_0278_,251.23
_3321_,249.27
_3336_,249.205
_1796_,248.2
_3749_,247.1
_3021_,246.34
_2911_,243.72
_0933_,243.16
_1413_,243.125
_1610_,241.82
_1949_,241.675
_1214_,241.38
_0094_,238.74
_2802_,237.58
_3325_,237.555
_3407_,236.78
_0137_,235.46
_3350_,235.02
_0240_,234.805
_0378_,233.14
_3152_,231.095
_0780_,230.84
_2058_,229.84
_3306_,229
_3309_,228.94
_1501_,227.86
_2616_,226.14
_2047_,225.72
_0097_,225.27
net132,225.11
net16,225.08
_2594_,224.99
_0019_,224.27
_3163_,224.22
_3492_,223.76
_3256_,222.13
_3075_,221.94
_3621_,221.905
_3271_,221.86
_1872_,221.315
_0953_,220.84
_3335_,220.355
_0856_,220.22
_3622_,219.69
_2157_,219.61
_3328_,219.24
_3448_,218.54
_3305_,218.14
_3364_,217.74
_0242_,217.45
_1894_,216.775
_1960_,216.605
_0682_,216.58
_3316_,215.8
_3326_,215.655
_3345_,214.71
net14,214.32
_2583_,214.22
_3248_,212.6
_3512_,212.18
_1971_,212.01
_3339_,211.6
_2463_,211.33
_3651_,210.9
_0987_,210.6
_2485_,208.28
_3010_,206.665
_3520_,206.6
_3342_,206.37
_0944_,205.545
_1260_,205.44
_0376_,205.32
_3254_,203.67
_1665_,202.58
_3692_,201.94
_1097_,201.56
_0998_,201.34
_0758_,200.8
_3747_,200.6
_1184_,199.06
_1424_,198.85
_3772_,198.76
_0802_,198.4
net20,197.14
_3043_,196.05
_2758_,195.14
_0717_,192.5
_3185_,191.14
_0095_,190.52
_3558_,189.52
net19,186.24
_3304_,185.33
_2452_,185.21
_1173_,185.16
_3355_,184.49
_1009_,183.9
_3269_,183.495
net46,183.36
net25,181.9
_2080_,181.49
_0457_,181.33
_3338_,180.64
_3360_,179.52
_0922_,178.595
_1479_,178.345
_1162_,177.54
_0977_,177.42
_1088_,177.34
_1031_,177.175
_1523_,175.92
_0848_,174.78
_1468_,174.71
_3299_,174.65
_0257_,174.415
net34,174.35
_3743_,174.075
_3119_,172.72
_2441_,172.68
net18,171.91
_3526_,171.51
_2955_,171.49
_3151_,170.98
_3536_,170.84
_3320_,170.72
_2104_,170.52
_3606_,170.3
_3394_,170.26
_3517_,170.25
_2900_,169.91
_3343_,169.76
_1577_,169.62
_2561_,169.05
_3391_,169.04
_3748_,168.86
_1086_,165.66
net51,165.595
net155,165.26
_2550_,165.08
_1719_,165
_3463_,164.455
net86,164
net48,163.775
net47,162.91
_1304_,162.9
_0402_,162.51
_2660_,162.455
_3322_,161.69
net11,161.56
net28,161.46
_0083_,161.34
_3598_,161.04
_3302_,160.885
_2228_,160.52
_1096_,160.49
net54,159.72
net44,159.2
net117,158.4
_3348_,158.2
_0322_,157.72
_2791_,157.68
_0213_,157.24
net15,156.68
net59,156.51
_3489_,155.82
_0192_,155.06
net148,153.04
_0011_,152.96
_3064_,152.92
_0704_,152.41
net38,152.4
_1094_,152.13
_3285_,152
_0463_,151.7
net143,151.48
net79,151.18
net142,151.18
net9,150.73
_0072_,150.44
net37,149.2
net78,148.32
_0148_,147.95
_3307_,147.44
_1927_,146.795
net36,146.5
net84,146.275
_3395_,145.32
net40,144.81
_3097_,144.595
net43,144.34
_0105_,144.24
_2605_,143.88
_0634_,143.735
_0181_,143.545
_3353_,143.19
_2889_,143.16
_0433_,140.96
_2649_,140.88
_3313_,140.88
_1599_,140.74
net5,140.43
_3450_,139.96
_1217_,139.4
_1071_,138.26
_3358_,138.21
_0419_,137.6
_0813_,137.28
_0116_,136.34
_0288_,136.24
_0831_,133.96
_0413_,133.8
_3270_,133.21
_3352_,133.04
net26,131.58
net53,131.56
_3751_,131.46
_3405_,130.9
net41,130.27
_1075_,129.975
_3660_,129.72
_2542_,129.7
_1402_,129.575
_3585_,129.54
_3267_,128.1
_3127_,126.78
_0715_,126.32
_0791_,126.24
_3255_,125.26
net83,124.94
_2375_,124.855
net85,124.54
net45,124.22
net81,123.98
net10,123.48
_2951_,122.94
_3284_,122.48
_2497_,122.4
net31,121.66
net82,121.53
_3777_,121.52
net116,120.92
net3,120.42
net124,120.34
_3553_,120.11
_3311_,120.02
_0465_,119.68
_0018_,119.49
_0639_,119.12
_1360_,119.02
_2738_,118.46
_3141_,118.32
_3542_,117.98
_3597_,117.44
_0878_,117.37
_2025_,116.67
_0309_,116.13
_0246_,115.98
_3742_,115.34
_3717_,114.34
_3340_,114.28
_0390_,113.35
net42,113.3
net144,113.12
_0159_,112.99
_3417_,112.74
_3317_,112.5
_0093_,112.4
net22,112.26
_3509_,112.04
_3546_,111.91
_0941_,111.06
_2423_,111.06
_2372_,110
net30,109.04
_0386_,108.84
_1206_,108.335
net60,107.96
_1805_,107.89
_3221_,107.74
_1195_,107.68
_3396_,107.08
net89,106.92
net24,106.32
_1020_,106.2
_0311_,105.91
net87,105.82
_3440_,105.09
_2154_,104.42
net23,104.38
_2856_,104.08
net1,104.06
_3415_,103.94
_1643_,103.68
_3374_,103.56
_1708_,102.88
_1205_,102.38
_1207_,102.22
net88,102.06
_1893_,102.02
_3445_,102.01
_3730_,101.88
_0429_,101.86
_3281_,101.86
net39,101.73
_0201_,101.575
_1829_,101.465
_2528_,101.375
_3389_,101.24
_1343_,101.1
_0595_,100.74
_0723_,100.52
_3308_,100.22
_3371_,100.12
_2424_,100.06
_3408_,100.02
_2929_,99.94
_1352_,99.88
net62,99.4
net7,99.38
_3370_,98.86
_2335_,98.46
_3475_,98.45
_3303_,98.34
_0732_,97.42
net49,97.38
_1980_,96.96
_0191_,96.85
_3108_,96.68
_0282_,96.63
_2275_,96.61
_3443_,96.54
_2592_,96.34
net27,96.18
_3559_,96.09
_3539_,95.9
net4,95.72
_0010_,95.66
_0382_,95.625
_3373_,95.54
_2983_,95.3
_0867_,95.25
_3382_,95.145
_1542_,94.82
_1716_,94.76
_3351_,93.91
_1279_,93.9
_0999_,93.62
_3566_,93.6
_1576_,93.56
_1347_,93.44
_0017_,92.8
_3231_,92.495
_3602_,92.23
_1369_,92.08
_3429_,91.84
_2593_,91.66
net118,91.58
_1293_,91.395
_0975_,91.34
net69,91.16
_2056_,91.1
_0961_,90.91
_0614_,90.79
_3104_,90.43
_1785_,90.09
_3431_,89.26
_3538_,89.03
_1078_,88.52
_0199_,88.44
_3746_,88.125
_3162_,88.1
_3641_,87.42
net55,87.42
_2379_,86.98
_3279_,86.9
_3403_,86.48
_3668_,85.73
_3758_,85.66
_3057_,85.52
_2987_,85.3
_0622_,85.22
_1558_,85.2
_2984_,85.04
net129,84.86
_2247_,84.76
_0942_,84.6
_3446_,84.4
net29,83.84
_3433_,83.5
_1391_,83.035
_1011_,83.02
_0110_,82.92
_0123_,82.8
_1446_,82.78
_0821_,82.58
_1077_,82.38
_1717_,82.22
net50,81.38
_3386_,81.27
_2405_,81.24
_2070_,81.22
_0730_,81.14
_3671_,81.05
_1500_,80.62
_1130_,80.54
_1806_,80.48
_2349_,80.24
_1127_,79.92
_3672_,79.48
_3252_,79.42
_1212_,79.24
_3223_,79.22
_2467_,78.96
_1282_,78.59
_3454_,78.34
_2118_,78.28
_0015_,77.78
_3289_,77.49
_2091_,77.46
_3085_,77.44
_1208_,77.43
_2610_,77.41
net145,77.22
_0340_,76.93
_3260_,76.56
_0525_,76.22
_0931_,76.14
_1645_,75.72
_0122_,75.64
_3241_,75.64
_0393_,75.61
_0113_,75.15
_3191_,75.06
_3441_,74.72
net35,74.54
_2812_,74.18
_3265_,74.16
_3754_,73.98
_3357_,73.85
_3458_,73.74
net140,73.66
_3436_,73.495
_1900_,73.48
_3388_,73.16
_2470_,72.38
_0291_,72.34
_0623_,72.32
_3682_,72.3
_3423_,72.02
_1213_,71.96
_1437_,71.84
_3354_,71.75
_3174_,71.62
_0853_,71.57
net57,71.48
_0855_,71.44
_2518_,71.4
_0243_,71.24
_3533_,70.78
_0854_,70.7
_2322_,70.62
_0101_,70.42
_3253_,70.39
_1695_,70.38
_3728_,70.34
_2276_,70.32
_3482_,70.32
_1696_,70.18
_2673_,70.18
_2178_,70.16
_0039_,69.91
_2668_,69.7
_3290_,69.5
_3658_,69.5
_1975_,69.38
_1877_,69.24
_2429_,69.1
_2469_,69.1
_3112_,69
_0111_,68.76
_1072_,68.76
_0033_,68.58
_3349_,68.5
_0739_,68.22
_2793_,68.1
_2490_,67.9
_2263_,67.86
_3455_,67.68
_1878_,67.5
_1672_,67.28
_0693_,67.24
net64,67.18
_2539_,67.17
_1225_,67.105
net52,66.56
_0392_,66.5
_1646_,66.36
_2359_,66.16
_2410_,66.1
_0416_,65.75
_0049_,65.7
_2667_,65.62
_1348_,65.275
_0826_,65.2
_3397_,65.08
_2430_,64.98
_2069_,64.87
_3273_,64.85
net8,64.805
net56,64.33
_0341_,64.2
_1965_,63.56
B[10],63.5
_3054_,63.44
_1089_,63.4
_0494_,63.28
_1064_,63.08
_0034_,62.98
_0742_,62.88
_0401_,62.86
_3377_,62.84
_2096_,62.765
_1559_,62.68
_0619_,62.66
_0710_,62.63
net91,62.3
_3456_,62.26
net32,62.16
_3457_,61.96
_2360_,61.92
_3842_,61.83
_1985_,61.76
_0448_,61.46
_1852_,61.08
_0590_,60.92
B[2],60.74
_0397_,60.34
_0747_,60.28
_3468_,60.16
_2651_,60.04
_3760_,60.04
_2687_,59.88
_3356_,59.8
_1199_,59.74
_0721_,59.58
_3721_,59.26
_1111_,59.2
_1140_,59.195
_3603_,59.06
_3277_,58.96
_3434_,58.9
_2146_,58.76
_2944_,58.64
_2427_,58.38
_0845_,58.3
_0389_,58.28
_3451_,58.08
_0759_,58.04
_3662_,57.98
_1249_,57.94
_1931_,57.78
_0036_,57.62
net2,57.6
_1245_,57.54
_2871_,57.42
_2496_,57.36
_1734_,56.8
_1961_,56.8
_0738_,56.78
_2579_,56.7
_0364_,56.68
_3612_,56.66
_1443_,56.62
_0976_,56.46
_3380_,56.42
net102,56.4
_3493_,56.2
_2133_,55.96
_2116_,55.92
_3425_,55.92
_0104_,55.9
_1131_,55.86
_2346_,55.74
_1763_,55.72
_2156_,55.72
_3592_,55.62
_2824_,55.59
_1290_,55.56
_0706_,55.33
_3629_,55.32
_3390_,55
_2155_,54.76
_2633_,54.72
_1060_,54.66
_2297_,54.64
_1146_,54.56
_0745_,54.28
_2344_,54.02
_0915_,53.965
_3259_,53.88
_3470_,53.84
_0971_,53.76
_3708_,53.74
net63,53.72
_2057_,53.66
net65,53.6
_0874_,53.44
_0076_,53.435
_0808_,53.3
_0505_,53.11
_1526_,53.06
_3298_,53.06
_0517_,52.96
_0913_,52.96
_0800_,52.72
_0828_,52.6
_3262_,52.6
_0365_,52.5
_0842_,52.32
_1366_,52.2
_2997_,52.12
_0822_,52.08
_1671_,52
_0380_,51.94
_0458_,51.9
_2381_,51.88
_1582_,51.78
_3491_,51.6
_3293_,51.43
_0935_,51.36
_2769_,51.26
_1053_,51.16
_1332_,51.14
_1270_,51.1
_3208_,51
_3107_,50.98
_0284_,50.92
_3428_,50.91
_1701_,50.88
_2923_,50.84
net72,50.82
_2530_,50.78
_3761_,50.78
_2827_,50.6
_0270_,50.48
_2267_,50.46
_2079_,50.42
_0911_,50.36
_3667_,50.32
_1355_,50.2
_1209_,49.98
_0562_,49.78
_1061_,49.74
_1200_,49.74
_0247_,49.62
_0914_,49.6
_0108_,49.58
_1742_,49.56
_2078_,49.5
_3424_,49.48
_3683_,49.4
_3059_,49.28
_0725_,49.26
_2494_,49.14
_0338_,49.06
_0900_,49.06
net95,49
_1782_,48.96
_0983_,48.94
_0801_,48.72
_2261_,48.6
_0572_,48.46
_2455_,48.36
_1488_,48.26
_1962_,48.2
_2260_,48.16
_0315_,48.14
_3234_,48.06
_1853_,47.9
_0007_,47.83
_0245_,47.78
_0183_,47.69
_0964_,47.66
_0916_,47.6
net73,47.6
_3300_,47.52
_3797_,47.52
_2009_,47.38
_2858_,47.14
_3263_,47.12
_0348_,47.04
_0395_,47
_3537_,46.91
_3095_,46.88
_2780_,46.8
_2134_,46.79
_1480_,46.76
_1211_,46.61
_3627_,46.6
_0366_,46.56
_2164_,46.56
net98,46.54
_3385_,46.52
_0102_,46.43
net17,46.36
_3679_,46.28
_1370_,46.26
_1380_,46.24
_0466_,46.18
_3753_,46.12
_1119_,46.06
_0819_,46.025
_3426_,45.94
_1876_,45.8
_0459_,45.78
_3706_,45.64
_1342_,45.6
_1087_,45.52
_1824_,45.5
_3052_,45.22
_3817_,45.14
_2481_,45.06
net77,44.835
_1998_,44.8
_3795_,44.78
_0016_,44.76
_2972_,44.68
_0986_,44.54
_1864_,44.46
_0387_,44.38
_2082_,44.36
_3050_,44.34
_3549_,44.325
_1023_,44.28
_3212_,44.25
_2425_,44.12
_0809_,44.1
_3447_,44.1
_0244_,44.06
_1252_,44.02
_3613_,44
_1516_,43.96
_2597_,43.94
_3258_,43.74
A[11],43.66
_1287_,43.65
_3707_,43.5
_1503_,43.48
_0168_,43.42
_1155_,43.42
_2678_,43.4
_3228_,43.32
_2575_,43.18
net76,43.16
net151,43.16
_1428_,43.14
_1328_,43.135
_1062_,43.13
_3776_,43.07
_0583_,42.96
_0265_,42.86
_1192_,42.85
_0490_,42.74
_1658_,42.74
_0875_,42.65
_0620_,42.58
_2120_,42.54
net33,42.54
_0286_,42.48
_0574_,42.4
_2648_,42.34
_3437_,42.34
net90,42.34
_1629_,42.32
_0957_,42.3
_0972_,42.2
_1908_,42.2
_2558_,42.18
_1452_,42.04
_1323_,41.96
_2829_,41.94
_0559_,41.88
_2345_,41.76
_0552_,41.685
_3620_,41.64
_2635_,41.61
_0025_,41.58
_3600_,41.56
_2666_,41.5
_0684_,41.48
_0467_,41.26
_1272_,41.24
_3766_,41.18
_3453_,41.16
_1400_,41.08
_1568_,40.94
_1541_,40.9
_3297_,40.7
_0683_,40.6
net93,40.54
_0430_,40.42
_1172_,40.42
_1193_,40.415
_0029_,40.4
_3798_,40.32
_1050_,40.26
_3393_,40.2
_0996_,39.98
_0130_,39.92
_0210_,39.92
_1409_,39.92
net75,39.88
_2045_,39.84
_1705_,39.8
_1863_,39.74
_2604_,39.7
_3516_,39.7
_3650_,39.68
_0162_,39.62
_3432_,39.55
_0750_,39.52
_1510_,39.48
_0897_,39.475
_1021_,39.46
_1539_,39.4
_3318_,39.4
_1102_,39.34
_0326_,39.3
_1636_,39.29
_3384_,39.28
_0542_,39.2
_1990_,39.18
_1395_,38.82
_0839_,38.64
_0479_,38.5
_1495_,38.45
_3236_,38.44
_1137_,38.42
_0407_,38.41
_1791_,38.4
_1996_,38.4
_1241_,38.36
net66,38.34
_1429_,38.32
_3207_,38.3
_1744_,38.24
_0480_,38.14
_2198_,38.1
_0197_,38.08
_2242_,38.06
_2644_,38.03
_2754_,37.92
_2382_,37.9
_0349_,37.66
_0586_,37.655
_0169_,37.56
_2693_,37.36
_1906_,37.32
_2940_,37.26
_0579_,37.22
_3720_,37.22
_3378_,37.205
_0492_,37.13
_1447_,37.04
_1620_,37
_3796_,37
_1093_,36.98
_0553_,36.9
_3487_,36.87
_2084_,36.8
_0373_,36.78
_1151_,36.64
_2650_,36.64
_1117_,36.6
_1092_,36.42
_1947_,36.415
_0948_,36.4
_1041_,36.4
_1058_,36.4
_2041_,36.36
_0412_,36.34
_0643_,36.3
_2787_,36.3
_3215_,36.22
_3461_,36.08
_1076_,36.075
_0114_,36.06
_2531_,35.98
_2404_,35.94
_0464_,35.9
net61,35.76
_3442_,35.74
_3674_,35.74
_1903_,35.7
_0077_,35.66
net74,35.6
_2235_,35.5
_0560_,35.48
_3294_,35.42
_2278_,35.28
_0585_,35.26
_0621_,35.26
_1881_,35.24
_0324_,35.18
_1854_,35.16
_0144_,35.12
_1987_,35.12
_2832_,35.12
_2559_,35.1
_0705_,35.08
net6,35.06
_0164_,34.8
_0498_,34.8
net71,34.78
_0850_,34.76
_1418_,34.74
_1522_,34.68
_2877_,34.66
_2131_,34.46
_3149_,34.44
_2570_,34.36
_1405_,34.3
_0067_,34.24
_3069_,34.24
_0384_,34.08
_0846_,34.08
_1686_,34.04
_1059_,33.97
_1619_,33.96
_1484_,33.8
_2898_,33.8
_3504_,33.68
_3392_,33.64
_3737_,33.56
_1783_,33.54
_1942_,33.44
net99,33.44
_0211_,33.42
_0239_,33.4
_0486_,33.38
_0946_,33.34
_0305_,33.325
_1476_,33.32
_3211_,33.3
_0820_,33.26
_0222_,33.24
_2363_,33.12
_3036_,33.08
_2299_,33.06
_2081_,33
_3017_,33
_1861_,32.99
_3412_,32.94
_2789_,32.9
_1215_,32.86
_1630_,32.84
_1901_,32.82
_3483_,32.78
_1545_,32.76
_1745_,32.62
_1924_,32.62
_3670_,32.62
_0701_,32.555
_1830_,32.54
_0518_,32.5
_3283_,32.5
_3573_,32.485
_1442_,32.48
_2686_,32.34
_1952_,32.325
_0843_,32.3
_1026_,32.26
_0135_,32.24
_0691_,32.24
_1489_,32.2
_3501_,32.16
net70,32.16
_0223_,32.1
_0503_,32.1
_2125_,32.09
_1100_,32.08
net101,32.04
_1067_,32.02
_1372_,32
_0358_,31.98
_1419_,31.94
_3198_,31.94
_1481_,31.92
_2725_,31.86
_0335_,31.82
_3767_,31.82
_2711_,31.73
net80,31.72
_0405_,31.7
_2248_,31.68
_1185_,31.64
_2788_,31.64
_0259_,31.61
_0403_,31.58
_0936_,31.58
_0943_,31.56
_1812_,31.54
net92,31.54
_3019_,31.52
_1800_,31.48
_0442_,31.46
_2165_,31.46
_2715_,31.4
_1261_,31.36
_2608_,31.25
_1223_,31.24
_3469_,31.14
_0607_,31.12
_2179_,31.12
_0668_,31.08
_3554_,31.08
_0218_,31.03
_1035_,31
_0106_,30.9
_0202_,30.9
_2833_,30.88
_1453_,30.86
_3067_,30.84
_2205_,30.74
_0041_,30.7
_1435_,30.66
_3485_,30.66
_1659_,30.62
_2438_,30.58
_2914_,30.56
_2837_,30.52
_0450_,30.5
_1804_,30.5
net13,30.49
_1394_,30.44
_2298_,30.42
_3177_,30.42
_0179_,30.415
_0455_,30.38
net97,30.36
_0978_,30.32
_1356_,30.28
_2011_,30.24
net106,30.24
_2551_,30.22
_0982_,30.2
_0013_,30.16
_1296_,30.16
_3832_,30.16
_1941_,30.12
_1531_,30.06
_1661_,30.02
_0688_,29.94
_0078_,29.9
_0609_,29.88
_0810_,29.84
_1138_,29.84
_3531_,29.83
_2747_,29.8
_0491_,29.78
_2609_,29.74
_2432_,29.72
_1063_,29.7
_0635_,29.68
_0327_,29.66
_0674_,29.62
_2557_,29.58
_3466_,29.58
_0428_,29.48
_0817_,29.48
_2245_,29.46
_2412_,29.42
_2426_,29.4
_3037_,29.4
_3179_,29.4
_2993_,29.32
_0545_,29.28
_0703_,29.24
_3490_,29.2
_1795_,29.195
_1967_,29.16
_2331_,29.16
_0629_,29.08
_0399_,29.05
_2751_,29.01
_3280_,29
_3541_,28.92
_1197_,28.9
_3154_,28.86
_3102_,28.84
_1297_,28.74
_2960_,28.74
_3617_,28.74
_1591_,28.72
_0568_,28.64
_2110_,28.6
_1765_,28.56
_1051_,28.54
_2121_,28.54
_0699_,28.49
_1247_,28.48
_1160_,28.44
_1274_,28.44
_2311_,28.44
_1787_,28.36
_2677_,28.34
_1655_,28.27
_1384_,28.26
_0339_,28.24
_3663_,28.23
_2204_,28.2
_1329_,28.18
_0273_,28.14
_3661_,28.14
_1887_,28.12
_2598_,28.12
_0844_,28.05
_1884_,28.04
_0565_,28.02
_1233_,28.02
_3140_,27.92
_1651_,27.9
_1562_,27.86
_3105_,27.82
_0919_,27.78
_1373_,27.78
_2291_,27.755
_1273_,27.74
_2203_,27.72
_1929_,27.715
_0174_,27.69
_2574_,27.66
_2774_,27.64
_1867_,27.58
_2315_,27.52
_2119_,27.44
_0603_,27.42
_2809_,27.42
_3503_,27.42
_0468_,27.4
_0689_,27.38
_1585_,27.265
_0141_,27.24
_2234_,27.24
_0296_,27.22
_1154_,27.22
_1161_,27.2
_1320_,27.18
_1070_,27.1
_1237_,27.1
_1333_,27.1
_1650_,27.1
_3063_,27.06
_2514_,27.02
_1477_,27
_0692_,26.92
_3484_,26.9
_0115_,26.88
_0980_,26.88
_3459_,26.85
_1835_,26.84
_3315_,26.8
_3834_,26.78
_2064_,26.77
_0695_,26.68
_2112_,26.68
_0360_,26.62
_1336_,26.6
_1411_,26.6
_1569_,26.6
_3787_,26.6
_1956_,26.56
_2136_,26.56
_0488_,26.48
_1393_,26.48
net100,26.42
_0608_,26.405
net12,26.34
_1042_,26.31
_3225_,26.3
_2798_,26.24
_2532_,26.18
_3529_,26.18
_3755_,26.18
_0811_,26.16
_3579_,26.16
_3711_,26.16
_3786_,26.14
_0266_,26.1
_0720_,26.1
_3366_,26.1
_1622_,26.08
_0527_,26.06
_0837_,26.06
_2902_,26.06
_0160_,26.02
_0260_,26.02
_1047_,26.02
_1793_,26.02
_2317_,26
_1285_,25.98
_2560_,25.98
_2750_,25.98
_1509_,25.96
_1003_,25.94
_1065_,25.92
_1222_,25.92
_1451_,25.92
_3142_,25.92
_0166_,25.895
_2477_,25.88
_3807_,25.88
_2654_,25.86
_3557_,25.86
_0065_,25.84
_1254_,25.68
_0649_,25.65
_2273_,25.64
_2365_,25.64
_0155_,25.6
_0726_,25.6
_2436_,25.6
_0285_,25.58
_2000_,25.58
_2672_,25.57
_1345_,25.54
_2042_,25.48
_1112_,25.44
_1408_,25.38
_0323_,25.34
_2053_,25.3
_0495_,25.295
_3362_,25.29
_1367_,25.28
_0059_,25.24
_0806_,25.22
_1001_,25.22
net58,25.22
_1315_,25.2
_2216_,25.2
_0356_,25.18
_1728_,25.18
_2839_,25.18
_1983_,25.14
_0048_,25.1
_1570_,25.1
_2184_,25.1
_2323_,25.1
_1948_,25.02
_3550_,25
_2916_,24.98
_0026_,24.94
_0883_,24.94
_1934_,24.94
_2012_,24.94
_1365_,24.925
_0129_,24.9
_0605_,24.9
_2589_,24.88
_1548_,24.84
_0907_,24.8
_3838_,24.76
_0985_,24.74
_3013_,24.72
_3827_,24.71
_2286_,24.7
_2451_,24.7
_0483_,24.68
_2285_,24.66
_0543_,24.64
_0857_,24.58
_0060_,24.56
_0696_,24.54
_0628_,24.52
_1425_,24.48
_3042_,24.42
_0359_,24.36
_1267_,24.35
_0566_,24.34
_2113_,24.34
_3611_,24.34
_2127_,24.33
_1614_,24.32
_1493_,24.3
_2556_,24.3
_0316_,24.28
_2019_,24.28
_0003_,24.26
_2615_,24.26
_2800_,24.26
_3494_,24.24
net67,24.2
_1422_,24.19
_2148_,24.18
_0805_,24.14
_1445_,24.14
_2978_,24.12
_1054_,24.1
_3724_,24.1
_0698_,24.08
_1518_,23.98
_0090_,23.965
_0753_,23.94
_3014_,23.94
_3828_,23.94
_0091_,23.92
_0532_,23.92
_3160_,23.92
_3789_,23.92
_1186_,23.88
_1158_,23.86
_3565_,23.86
_3156_,23.84
_0510_,23.83
_2413_,23.76
_2854_,23.74
_2240_,23.69
_2848_,23.68
_2357_,23.64
net96,23.64
_3170_,23.6
_0248_,23.54
_0702_,23.54
_2849_,23.54
_3569_,23.52
_0355_,23.48
_0351_,23.46
_3161_,23.46
_2748_,23.45
_0074_,23.445
_0580_,23.42
_1581_,23.42
_3103_,23.42
_0630_,23.38
_1923_,23.28
_0478_,23.26
_3654_,23.24
_3673_,23.22
_0163_,23.18
_1833_,23.14
_2408_,23.14
_1963_,23.12
_0535_,23.08
_3476_,23.08
_0790_,23.07
_2915_,23.04
_0241_,22.96
_1321_,22.96
_0512_,22.92
_1976_,22.92
_0440_,22.9
_2303_,22.88
_2600_,22.88
_1649_,22.86
_2444_,22.82
_3055_,22.8
_1726_,22.74
_1535_,22.72
_0173_,22.7
_0254_,22.66
_3011_,22.64
_1792_,22.58
_0068_,22.575
_0485_,22.52
_2568_,22.52
_1198_,22.5
_2161_,22.46
_1224_,22.4
_1497_,22.4
_0385_,22.36
_3835_,22.34
_2847_,22.3
_0686_,22.28
_0678_,22.26
_1325_,22.26
_1592_,22.24
_2077_,22.24
_3226_,22.24
_1989_,22.22
_0484_,22.2
_0718_,22.18
_2126_,22.04
_2433_,22.04
_0812_,22.02
_1361_,22.02
_0677_,21.97
_0697_,21.94
_0253_,21.92
_0414_,21.92
_0593_,21.92
_1194_,21.92
_2515_,21.92
_0469_,21.9
_0537_,21.9
_0551_,21.9
_3474_,21.9
_0581_,21.88
_0860_,21.88
_1823_,21.88
_0256_,21.82
_1880_,21.8
_3427_,21.8
_0425_,21.79
_0577_,21.76
_1496_,21.72
_1778_,21.72
_2422_,21.72
_0807_,21.7
_3249_,21.7
_3833_,21.7
_1121_,21.68
_3411_,21.68
_2836_,21.66
_2834_,21.62
_0002_,21.6
_0346_,21.58
_2958_,21.58
_3381_,21.58
_0267_,21.54
_1027_,21.44
_1376_,21.44
_1676_,21.44
_0170_,21.38
_3593_,21.38
_2399_,21.36
_3568_,21.36
_1821_,21.34
_1847_,21.34
_1066_,21.32
_0824_,21.3
_2707_,21.29
_1740_,21.28
_0866_,21.26
_2384_,21.26
_2387_,21.26
_1766_,21.24
_2727_,21.24
_3216_,21.24
_0617_,21.22
_2255_,21.22
_0973_,21.2
_3595_,21.18
_3058_,21.14
_3087_,21.14
_1069_,21.12
_1594_,21.1
_1828_,21.1
_3793_,21.1
_0765_,21.08
net107,21.05
_0904_,21.02
_1335_,21.02
_1264_,21
_1838_,21
_3632_,21
_0743_,20.98
_0892_,20.94
_0394_,20.88
_1432_,20.88
_2160_,20.86
_2642_,20.86
_2595_,20.82
_3822_,20.82
_1532_,20.8
_0768_,20.76
_1104_,20.76
_3101_,20.74
_2312_,20.7
_0038_,20.66
_0215_,20.66
_0667_,20.66
_1832_,20.66
_2018_,20.66
_2272_,20.66
_3435_,20.66
_2336_,20.6
_3607_,20.6
_0447_,20.58
_0690_,20.58
_0923_,20.58
_0434_,20.54
_2799_,20.54
_3551_,20.54
_3590_,20.54
_0125_,20.52
_2128_,20.52
_0489_,20.495
_1508_,20.46
_3209_,20.44
_2465_,20.43
_3580_,20.4
_2995_,20.36
_1176_,20.32
_1917_,20.32
net94,20.32
_2728_,20.3
_2992_,20.28
_2625_,20.2
_3422_,20.16
_0124_,20.12
_2388_,20.12
_0554_,20.1
_2460_,20.1
_0473_,20.08
_1353_,20.08
_1637_,20.08
_3599_,20.08
_0461_,20.04
_2746_,20
_3274_,19.98
_2129_,19.96
_2051_,19.94
_0785_,19.92
_1748_,19.92
_1618_,19.9
_2137_,19.9
_1177_,19.88
_2168_,19.86
_3109_,19.86
_0766_,19.82
_3779_,19.8
_2225_,19.79
_2378_,19.78
_3346_,19.78
_0050_,19.76
_1921_,19.74
_1698_,19.72
_0040_,19.62
_0879_,19.62
_2383_,19.6
_0237_,19.58
_2533_,19.58
_2087_,19.54
_3365_,19.54
_2086_,19.52
_2640_,19.52
_2006_,19.48
_2158_,19.47
_2726_,19.42
_0347_,19.4
_1679_,19.4
_1846_,19.4
_2636_,19.4
_3121_,19.4
_0477_,19.38
_2076_,19.36
_0746_,19.32
_1178_,19.3
_0350_,19.28
_0645_,19.28
_1289_,19.24
_1196_,19.18
_2215_,19.18
_0939_,19.16
_1379_,19.16
_3689_,19.14
_0984_,19.12
_1448_,19.12
_1945_,19.1
_0908_,19.08
_0965_,19.08
_0226_,19.06
_3488_,19.04
_1802_,19.02
_1388_,19
_1617_,19
_0737_,18.985
_0910_,18.98
_2505_,18.98
_1120_,18.96
_1943_,18.94
_2486_,18.94
_3693_,18.86
_2223_,18.84
_0171_,18.82
_1188_,18.82
_1412_,18.82
_1697_,18.76
_1235_,18.72
_3643_,18.72
_1181_,18.7
_1327_,18.7
_1845_,18.7
_2219_,18.7
_0150_,18.68
_0435_,18.68
_0344_,18.64
_0508_,18.64
_3505_,18.64
_0189_,18.62
_3836_,18.62
_0967_,18.6
_2309_,18.6
_3791_,18.58
_0149_,18.56
_0713_,18.52
_0716_,18.52
_1843_,18.52
_2292_,18.52
_0547_,18.5
_1486_,18.44
_2669_,18.44
_3540_,18.44
_2843_,18.42
_1588_,18.405
_3709_,18.395
_0329_,18.36
_1226_,18.36
_2083_,18.36
_2731_,18.36
_0075_,18.3
_0804_,18.3
_1514_,18.3
_2089_,18.27
_0474_,18.24
_0862_,18.24
_1727_,18.24
_1770_,18.24
_2468_,18.24
_0528_,18.22
_1187_,18.22
_2414_,18.2
_2770_,18.2
_1625_,18.185
_1988_,18.18
_0308_,18.16
_0481_,18.16
_1040_,18.16
_1753_,18.14
_1709_,18.12
_0569_,18.11
_2347_,18.1
_2072_,18.08
_1324_,18.06
_2478_,18.06
_0797_,18.04
_2302_,18.04
_2869_,18.04
_2097_,18.02
_2872_,18.02
_0001_,18
_0571_,18
_1255_,17.995
_1183_,17.98
_1970_,17.96
_2909_,17.94
_2998_,17.94
_3217_,17.94
_0453_,17.88
_0951_,17.88
_1091_,17.88
_1631_,17.86
_2369_,17.86
_0250_,17.85
_0795_,17.8
_1628_,17.8
_1928_,17.78
_2448_,17.78
A[30],17.72
_1454_,17.7
B[11],17.68
_2875_,17.68
_0167_,17.66
_1873_,17.66
_3251_,17.66
_3710_,17.66
_0312_,17.64
_2142_,17.64
_0594_,17.6
_0966_,17.6
_1473_,17.56
_2772_,17.56
_3044_,17.54
_1764_,17.5
_1608_,17.48
_1958_,17.47
_0087_,17.46
_0375_,17.46
_1757_,17.46
_2932_,17.44
_1715_,17.4
_2282_,17.4
_1113_,17.38
_2554_,17.34
_0151_,17.3
_0624_,17.24
_0152_,17.22
_0937_,17.22
_1736_,17.22
_3768_,17.22
_1191_,17.2
_1052_,17.17
_0404_,17.12
_1788_,17.12
_3699_,17.12
_2694_,17.08
_0700_,17.06
_0354_,17.04
_0069_,16.98
_1024_,16.98
_2524_,16.98
_2859_,16.98
_0080_,16.94
_2826_,16.94
_2093_,16.92
_2632_,16.9
_3644_,16.9
_0361_,16.86
_1331_,16.86
_1732_,16.86
_2122_,16.86
_2289_,16.84
_1721_,16.82
_2350_,16.82
_2374_,16.82
_0778_,16.78
_3134_,16.74
_0877_,16.72
_0529_,16.705
_1626_,16.7
_2431_,16.7
_1415_,16.68
_1571_,16.68
_3323_,16.68
_0336_,16.66
_2150_,16.66
_2584_,16.66
_1750_,16.64
_1817_,16.64
_0054_,16.62
_3763_,16.62
_1314_,16.615
_0752_,16.6
_1106_,16.6
_1262_,16.6
_3327_,16.6
_0588_,16.58
_1475_,16.58
_1972_,16.57
_0383_,16.56
net68,16.56
_3548_,16.52
_0570_,16.5
_2657_,16.5
_3575_,16.48
_0145_,16.44
_1082_,16.44
_1268_,16.44
_2582_,16.42
_3732_,16.4
_3471_,16.395
_0357_,16.38
_0370_,16.38
_0694_,16.38
_1330_,16.38
_1474_,16.36
_1932_,16.36
_2628_,16.32
_0165_,16.3
_2612_,16.3
_3110_,16.3
_0740_,16.28
_0687_,16.26
_1933_,16.26
_2330_,16.26
_1485_,16.24
_2279_,16.24
_0328_,16.22
_1263_,16.22
_2658_,16.22
_0156_,16.2
_0833_,16.18
net21,16.18
_1589_,16.16
_3500_,16.16
result[31],16.16
_0303_,16.1
_3452_,16.1
_1502_,16.08
_2361_,16.06
_2385_,16.06
_0918_,16.04
_0061_,16.02
_1265_,16.02
_1746_,16.02
_1074_,16.01
_3697_,16
_0255_,15.96
_1898_,15.94
_2730_,15.94
_1563_,15.9
_3821_,15.9
_2090_,15.84
_3128_,15.84
_0499_,15.82
_1767_,15.82
_2683_,15.82
_0195_,15.8
_1957_,15.8
_2771_,15.8
_1150_,15.78
_0258_,15.76
_1879_,15.76
_2140_,15.76
_2794_,15.76
_0885_,15.72
_1664_,15.72
_1638_,15.7
_3460_,15.69
_0264_,15.68
_0814_,15.64
_1294_,15.64
_2643_,15.62
_0423_,15.6
_0905_,15.6
_2394_,15.6
_1968_,15.58
_0774_,15.56
_1771_,15.56
_2622_,15.54
_0120_,15.5
_0773_,15.5
_2358_,15.5
_2919_,15.5
_0369_,15.48
_0781_,15.48
_1403_,15.48
_1834_,15.48
zero,15.46
_1431_,15.44
_3805_,15.44
_2341_,15.42
B[8],15.38
_3634_,15.36
_1723_,15.34
_1848_,15.34
_2035_,15.34
_2393_,15.34
_3784_,15.34
_0947_,15.32
_0618_,15.3
_0761_,15.3
_1017_,15.28
_1816_,15.28
_2106_,15.28
_2804_,15.265
_0673_,15.26
_1578_,15.24
_0487_,15.22
_0507_,15.2
_1527_,15.2
_2868_,15.18
_0555_,15.16
_2132_,15.16
_2333_,15.16
_3261_,15.16
_0626_,15.14
_0880_,15.14
_1790_,15.14
_3361_,15.13
_0841_,15.12
_1083_,15.08
_1142_,15.08
_3704_,15.08
_0374_,15.06
_2659_,15.06
_2280_,15.04
_3018_,15.04
_3567_,15.04
_0228_,15.02
_2049_,15.02
_2022_,15.015
_0567_,14.98
_0627_,14.98
_1950_,14.98
_2634_,14.98
_2535_,14.94
_3239_,14.94
carry,14.9
_1953_,14.84
_3201_,14.84
_1587_,14.82
net153,14.8
_3745_,14.795
_1735_,14.78
_2389_,14.78
_3117_,14.78
_1519_,14.76
_1692_,14.76
_1483_,14.74
_2784_,14.72
_2564_,14.7
_3639_,14.7
_2536_,14.68
_2814_,14.68
_3413_,14.68
_3637_,14.68
_0441_,14.66
_0663_,14.66
_3633_,14.66
_0876_,14.64
_2063_,14.63
_0194_,14.6
_3188_,14.6
_3066_,14.58
_1175_,14.56
_2606_,14.56
_2637_,14.53
_1450_,14.5
_1068_,14.46
_1547_,14.46
_1798_,14.44
_3210_,14.425
_1005_,14.42
_0658_,14.4
_0367_,14.39
_0295_,14.36
_2135_,14.36
_0445_,14.34
_1033_,14.34
_2887_,14.34
_0664_,14.32
_1609_,14.32
_2991_,14.32
_0263_,14.26
_0299_,14.26
net154,14.24
_0249_,14.22
_1487_,14.215
_2828_,14.2
_3587_,14.175
_0368_,14.14
_0934_,14.14
_1152_,14.14
_1190_,14.12
_1537_,14.06
_2475_,14.04
_0779_,14.035
_1057_,14.02
_1982_,14.02
_3238_,14.02
_1919_,14
_3713_,14
_1103_,13.99
_1633_,13.98
_2850_,13.98
overflow,13.98
_0353_,13.96
_2337_,13.96
_0071_,13.92
_0788_,13.92
_1930_,13.92
_2301_,13.92
_0786_,13.88
_1201_,13.88
_2778_,13.88
A[28],13.86
_0648_,13.86
_3416_,13.86
_0760_,13.84
_2105_,13.84
_2845_,13.84
_0030_,13.82
_0538_,13.82
_2969_,13.82
_1166_,13.815
_0898_,13.8
_2065_,13.78
_2258_,13.78
_2679_,13.78
_0921_,13.76
_1564_,13.76
_1959_,13.76
_2419_,13.76
_2653_,13.76
_3581_,13.76
net115,13.76
B[29],13.74
_2722_,13.74
_2453_,13.72
_2287_,13.68
_1044_,13.66
_1133_,13.66
_3404_,13.66
_1911_,13.64
_2327_,13.64
_3690_,13.64
_1973_,13.62
_3837_,13.6
_1512_,13.56
_2816_,13.56
_2032_,13.54
_2288_,13.54
_2024_,13.52
_2044_,13.52
_2617_,13.52
_3740_,13.52
_0118_,13.5
_1234_,13.5
_2982_,13.5
_0650_,13.48
_1760_,13.48
_1615_,13.46
_3029_,13.46
_3778_,13.46
_0511_,13.44
_1305_,13.44
_0599_,13.42
_0655_,13.42
_1048_,13.42
_1837_,13.42
_2851_,13.42
_3522_,13.42
_2602_,13.4
_2007_,13.38
_2061_,13.36
_0352_,13.34
_0818_,13.34
_1310_,13.34
_0561_,13.3
_2823_,13.3
_3588_,13.3
A[27],13.28
_2373_,13.28
result[24],13.28
_2810_,13.26
_0997_,13.24
_3041_,13.24
_1977_,13.22
_2328_,13.22
_2151_,13.2
_1337_,13.18
_1772_,13.18
_2201_,13.18
_2618_,13.18
_3062_,13.18
net133,13.18
_1690_,13.15
_1567_,13.14
_1524_,13.135
_1634_,13.1
_3781_,13.1
_0929_,13.08
_2085_,13.08
_2729_,13.08
_2071_,13.06
_2264_,13.06
_0279_,13.04
_1623_,13.04
_3195_,13.04
_0792_,13.02
_1449_,13.02
_2509_,13.02
_0798_,13.01
_0320_,13
_2284_,13
_2685_,13
_3272_,13
_0443_,12.98
_0521_,12.96
_1421_,12.96
_1888_,12.96
_2050_,12.96
_2439_,12.96
_2213_,12.94
_0084_,12.9
_2899_,12.9
_0154_,12.88
_0292_,12.88
_0803_,12.88
_1612_,12.88
_1616_,12.88
_2538_,12.86
_0044_,12.84
_1718_,12.84
_2023_,12.84
_2197_,12.84
_1126_,12.82
_2186_,12.82
_2818_,12.8
_0582_,12.78
_1560_,12.78
_2238_,12.78
_0043_,12.76
_2192_,12.74
_0045_,12.72
_2462_,12.7
_2243_,12.69
_2367_,12.68
_2434_,12.68
_2454_,12.68
_3081_,12.66
_3638_,12.66
_2855_,12.64
_3359_,12.64
_1115_,12.6
_1471_,12.6
_1779_,12.6
_2351_,12.6
_2371_,12.6
_2067_,12.58
_2138_,12.58
_2555_,12.58
_3780_,12.58
result[29],12.58
_0475_,12.54
_0762_,12.54
_1460_,12.54
_0707_,12.52
_1013_,12.52
_1455_,12.5
_2030_,12.5
_2214_,12.48
_3074_,12.48
_0092_,12.42
_2092_,12.42
_3589_,12.42
_1244_,12.4
_2094_,12.4
_2169_,12.4
_2710_,12.38
_1583_,12.36
_1656_,12.34
_1157_,12.29
_0186_,12.28
_1737_,12.26
_2840_,12.26
_1641_,12.24
_3049_,12.24
_0647_,12.2
_1250_,12.2
_0501_,12.18
_1799_,12.18
_1897_,12.18
_2254_,12.17
_0070_,12.16
_1670_,12.16
_2274_,12.16
_2471_,12.16
_3610_,12.16
_1944_,12.14
_0482_,12.12
_2400_,12.12
_2655_,12.08
_3764_,12.08
_0557_,12.06
_1019_,12.06
_1169_,12.06
_1912_,12.06
_1307_,12.04
_2290_,12.04
_2806_,12.04
_2936_,12.04
_2963_,12.04
_0661_,12.02
_3785_,12.02
_0126_,12.015
_1789_,12
_0073_,11.96
_1869_,11.96
_3681_,11.96
_0651_,11.955
_2320_,11.92
A[29],11.9
_0522_,11.88
_0644_,11.88
_2130_,11.88
_2897_,11.88
_0653_,11.84
_3783_,11.84
_0502_,11.82
_1572_,11.8
_3820_,11.8
_0563_,11.78
_1543_,11.78
_2580_,11.78
_3033_,11.78
_1554_,11.76
_1808_,11.745
_0437_,11.74
_1426_,11.74
_2948_,11.74
_0889_,11.72
_2008_,11.72
_2295_,11.72
_0444_,11.7
_0925_,11.7
_1144_,11.7
_1707_,11.7
_1842_,11.7
_2880_,11.7
_3122_,11.7
_3220_,11.7
result[26],11.69
_0138_,11.68
_0214_,11.68
_2803_,11.68
_2831_,11.68
result[25],11.68
_1136_,11.66
_2117_,11.66
_2507_,11.66
_3698_,11.66
_2059_,11.64
_1667_,11.62
_2052_,11.62
_2206_,11.62
_2749_,11.62
_3166_,11.62
_0276_,11.6
_3571_,11.6
_1593_,11.595
_1275_,11.58
B[27],11.56
B[28],11.56
opcode[2],11.56
opcode[3],11.56
_1598_,11.54
_1584_,11.52
_1276_,11.5
_1797_,11.5
_2098_,11.5
_2191_,11.5
_2910_,11.5
_1969_,11.495
A[15],11.48
A[17],11.48
_0081_,11.48
_0439_,11.48
_1153_,11.48
_1396_,11.48
_2459_,11.48
_0729_,11.46
_1029_,11.46
_1129_,11.46
_1417_,11.46
_1482_,11.46
_1915_,11.46
_3714_,11.46
A[31],11.44
B[30],11.44
B[31],11.44
_1624_,11.44
opcode[0],11.44
opcode[1],11.44
_1359_,11.42
_1815_,11.42
_2183_,11.42
_1639_,11.4
_0233_,11.38
_2211_,11.38
_2817_,11.38
_2964_,11.38
_3725_,11.38
_3815_,11.38
_3035_,11.36
_3653_,11.36
_0438_,11.34
_1683_,11.34
_2293_,11.34
_2321_,11.34
_2513_,11.34
_3790_,11.34
_0452_,11.32
_1868_,11.3
_3438_,11.3
_1978_,11.28
_2702_,11.28
_3219_,11.28
_2039_,11.26
_0852_,11.24
_0903_,11.24
_1364_,11.24
_2031_,11.22
result[30],11.22
_1871_,11.2
_2266_,11.2
_3578_,11.2
_0153_,11.18
_0476_,11.18
_0576_,11.18
_1602_,11.14
_0066_,11.12
_0641_,11.12
_1291_,11.12
_1444_,11.12
_1469_,11.12
_1668_,11.12
_2181_,11.12
_3723_,11.12
result[18],11.1
result[20],11.1
result[21],11.1
result[22],11.1
_0681_,11.08
_0749_,11.08
_0789_,11.08
_0945_,11.08
_1470_,11.08
_2060_,11.08
_2417_,11.08
_0220_,11.055
_2553_,11.04
_3230_,11.04
_3628_,11.04
B[6],11.02
_3186_,11.02
_0940_,11
_1080_,11
_2458_,11
_1607_,10.98
_1993_,10.98
_1905_,10.96
_2167_,10.96
_3527_,10.96
_0014_,10.925
_0548_,10.92
_0896_,10.92
_2464_,10.92
_2521_,10.92
_3072_,10.92
_3515_,10.92
_2270_,10.88
_1306_,10.86
_1374_,10.86
_1729_,10.86
_1889_,10.86
_2259_,10.82
_2461_,10.82
_0472_,10.8
_0546_,10.8
_2501_,10.8
_3563_,10.8
_1773_,10.79
_0294_,10.78
_0519_,10.78
_0733_,10.78
_1464_,10.78
_1525_,10.78
_2300_,10.78
_2212_,10.76
_3528_,10.76
_2980_,10.74
_0121_,10.72
_1182_,10.72
_1242_,10.7
_1722_,10.7
_2446_,10.7
_3190_,10.7
_3576_,10.7
_0796_,10.68
_1101_,10.66
_1844_,10.66
_0556_,10.64
_1046_,10.64
_2366_,10.64
_0424_,10.62
_3288_,10.62
_3774_,10.62
_3794_,10.62
_1319_,10.59
_2241_,10.58
_2329_,10.58
_2504_,10.58
_3004_,10.58
_3802_,10.58
_0636_,10.54
_0955_,10.54
_2257_,10.54
_2395_,10.54
_3088_,10.52
_3375_,10.52
_0680_,10.5
_1590_,10.5
_2043_,10.5
_1339_,10.48
_2437_,10.46
_2712_,10.46
_1648_,10.445
_3344_,10.44
_0432_,10.42
_1056_,10.42
_2185_,10.42
_2343_,10.42
_0251_,10.4
_1513_,10.4
_1831_,10.4
_1909_,10.4
_2252_,10.4
_2619_,10.4
_1189_,10.38
_3646_,10.38
_0035_,10.36
_3519_,10.36
_3801_,10.36
_1311_,10.34
_1920_,10.34
_2820_,10.34
_3138_,10.34
B[16],10.32
_0748_,10.32
_2220_,10.32
_3053_,10.32
_0912_,10.3
result[19],10.3
_0012_,10.28
_1859_,10.28
_3701_,10.28
_0901_,10.26
_1317_,10.26
_3139_,10.26
_0021_,10.24
_0470_,10.24
_2876_,10.24
_1466_,10.22
_2781_,10.22
_3759_,10.21
_0117_,10.2
_0981_,10.2
_1895_,10.2
_1913_,10.2
_3065_,10.2
_3614_,10.2
_0052_,10.18
_1492_,10.18
_1611_,10.18
_1640_,10.18
_0864_,10.16
_1085_,10.16
_1874_,10.16
_2123_,10.16
_2562_,10.16
_2735_,10.16
_3736_,10.16
_0317_,10.12
_0823_,10.12
_2149_,10.12
_3830_,10.12
B[14],10.1
_1478_,10.08
_1754_,10.08
_2163_,10.08
_2764_,10.08
_0331_,10.06
_3046_,10.06
_1597_,10.04
_3825_,10.04
_0676_,10.02
_0079_,10
_2456_,10
_2696_,10
A[26],9.99
_2565_,9.98
_0685_,9.96
_1288_,9.96
_1704_,9.96
_1986_,9.96
_2401_,9.96
_2476_,9.96
_0659_,9.94
_1259_,9.94
_1401_,9.94
_1507_,9.94
_1886_,9.94
_2607_,9.94
_2950_,9.94
_3800_,9.94
_1038_,9.92
_2227_,9.92
_3574_,9.92
_0881_,9.91
_2005_,9.9
_2457_,9.9
_2472_,9.9
_2965_,9.9
_3143_,9.9
_3363_,9.9
_0462_,9.88
_3040_,9.88
_0771_,9.86
_0927_,9.86
_1691_,9.86
_1979_,9.86
_1204_,9.84
_1309_,9.84
_2576_,9.84
_0307_,9.82
_0938_,9.82
_1022_,9.82
_1228_,9.82
_1682_,9.82
_1761_,9.82
_2187_,9.82
_2815_,9.82
_3666_,9.82
_2046_,9.8
_1202_,9.78
_1230_,9.78
_1885_,9.78
_2307_,9.78
_2449_,9.78
_2704_,9.78
_2777_,9.78
_2918_,9.78
_3200_,9.78
_2975_,9.76
_3829_,9.76
_0236_,9.74
_1341_,9.74
_2173_,9.74
_2233_,9.74
_2947_,9.74
_0209_,9.72
_0679_,9.72
_0816_,9.72
_1018_,9.72
_1556_,9.72
_1720_,9.72
_2700_,9.72
_0272_,9.7
_0859_,9.7
_1467_,9.7
_2339_,9.7
_2699_,9.7
_2713_,9.7
_2734_,9.7
_2757_,9.7
_2765_,9.7
_2095_,9.69
_1156_,9.66
_1303_,9.66
_3696_,9.66
A[10],9.64
B[12],9.64
B[13],9.64
B[5],9.64
_0300_,9.64
_2055_,9.64
_2907_,9.64
_0128_,9.62
_0143_,9.62
_1423_,9.62
_2380_,9.62
_2529_,9.62
_3168_,9.62
_0514_,9.58
_0534_,9.58
_1710_,9.58
_1784_,9.58
_0610_,9.56
_2548_,9.56
_2949_,9.56
_0799_,9.54
_1334_,9.54
_3229_,9.52
net146,9.52
_0055_,9.5
_0564_,9.5
_1702_,9.5
_1916_,9.5
_2626_,9.5
_2705_,9.5
_2881_,9.5
A[1],9.49
_3814_,9.485
_0549_,9.48
_1135_,9.48
_1786_,9.48
_2525_,9.48
_0872_,9.46
_2014_,9.46
_0268_,9.44
_0396_,9.44
_1430_,9.44
_2624_,9.44
_2744_,9.44
_2996_,9.44
_3700_,9.44
_3839_,9.44
_0180_,9.42
_0406_,9.42
_1349_,9.42
_2721_,9.42
_3045_,9.42
_3243_,9.42
_2440_,9.4
_2786_,9.4
_3675_,9.4
_3808_,9.4
_0142_,9.375
_1907_,9.36
_2768_,9.36
_2968_,9.36
_1299_,9.34
_1561_,9.34
_1387_,9.32
_1711_,9.32
_2111_,9.32
_2306_,9.32
_0536_,9.3
_0767_,9.3
_3702_,9.3
_1406_,9.28
_2332_,9.28
_2466_,9.28
_2888_,9.28
_3025_,9.28
_3739_,9.28
_0868_,9.27
_0203_,9.26
_2796_,9.24
_2913_,9.24
_2756_,9.22
_3677_,9.22
_0794_,9.21
_0638_,9.2
_3398_,9.2
A[7],9.18
B[3],9.18
_0107_,9.18
_0280_,9.18
_2162_,9.18
_0161_,9.16
_0206_,9.16
_0427_,9.16
_0578_,9.16
_1124_,9.16
_1758_,9.16
_2921_,9.16
_3091_,9.16
_0471_,9.145
_0887_,9.14
_2114_,9.13
_1090_,9.12
_2334_,9.12
_0098_,9.08
_2109_,9.08
_2199_,9.08
_2314_,9.08
_2362_,9.08
_3232_,9.08
_2652_,9.07
_0606_,9.06
_1603_,9.05
_3026_,9.05
_0313_,9.04
_0782_,9.04
_0893_,9.04
_1794_,9.04
_2208_,9.04
_2447_,9.04
_2210_,9.035
_1498_,9.02
_1875_,9.02
_1899_,9.02
_2068_,9.02
_2953_,9.02
_3804_,9.005
_1134_,9
_0196_,8.995
_0920_,8.99
_2613_,8.98
_2695_,8.98
net109,8.98
_0420_,8.96
_0598_,8.96
_1398_,8.96
_1586_,8.96
_1627_,8.96
_2038_,8.96
_2066_,8.96
_2324_,8.96
_1055_,8.94
_2190_,8.94
_0815_,8.92
_1739_,8.92
_1775_,8.92
_2073_,8.92
_2325_,8.92
_0612_,8.9
_1407_,8.9
_1755_,8.9
_1951_,8.9
_2016_,8.9
_2825_,8.9
_0158_,8.88
_0775_,8.86
_3534_,8.86
_3577_,8.86
A[13],8.84
A[18],8.84
A[5],8.84
A[8],8.84
B[0],8.84
B[1],8.84
B[4],8.84
B[7],8.84
_2611_,8.84
_0917_,8.82
_1108_,8.82
_1538_,8.82
_1687_,8.82
_1713_,8.82
_1724_,8.82
_2189_,8.8
_2895_,8.8
_0926_,8.78
_2863_,8.78
_2099_,8.76
_2752_,8.76
_2954_,8.74
A[14],8.72
A[16],8.72
A[19],8.72
A[20],8.72
A[3],8.72
A[6],8.72
A[9],8.72
B[15],8.72
B[17],8.72
B[9],8.72
_0558_,8.72
_0783_,8.7
_0895_,8.7
_1159_,8.7
_1579_,8.7
_1857_,8.7
_2229_,8.7
_2348_,8.7
_2443_,8.7
_2623_,8.7
_2979_,8.7
_3816_,8.7
_2775_,8.68
_2999_,8.68
_0591_,8.67
_1141_,8.66
_1759_,8.66
_3535_,8.66
_2487_,8.645
_0787_,8.64
_0899_,8.64
_0388_,8.62
_0426_,8.62
_2903_,8.62
_2688_,8.615
_0096_,8.58
_0994_,8.58
_1657_,8.58
_2340_,8.58
_2420_,8.58
_2482_,8.58
_0262_,8.56
_1012_,8.56
_0456_,8.54
_0193_,8.52
_0221_,8.52
_2236_,8.52
_2581_,8.52
_2718_,8.52
_3132_,8.52
_1939_,8.5
_3169_,8.5
_0646_,8.48
_0708_,8.48
_0832_,8.48
B[25],8.47
_2645_,8.46
_2941_,8.46
_3030_,8.46
net103,8.46
_0031_,8.44
_1116_,8.44
_1549_,8.44
_2763_,8.44
_0290_,8.42
_1298_,8.42
_0993_,8.4
_1251_,8.4
_1810_,8.4
_3165_,8.4
_3583_,8.4
_1459_,8.38
_2004_,8.38
_3031_,8.38
_3090_,8.38
_0032_,8.36
_0906_,8.36
_1236_,8.36
_1239_,8.36
_2062_,8.36
_2202_,8.36
_2926_,8.36
_0062_,8.32
_1203_,8.32
_1684_,8.32
_1936_,8.32
_2074_,8.32
_1414_,8.28
A[21],8.26
_2222_,8.26
_2842_,8.26
_3093_,8.26
_1258_,8.24
_1751_,8.24
_2614_,8.24
_2838_,8.24
_3015_,8.24
_3116_,8.24
_3694_,8.24
_3079_,8.22
_0207_,8.2
_0333_,8.2
_1966_,8.2
_3635_,8.2
_2139_,8.18
_3197_,8.16
net121,8.145
_1122_,8.14
_1180_,8.14
_2779_,8.14
_1257_,8.12
_1768_,8.12
_0321_,8.1
_1491_,8.1
_1747_,8.1
_1890_,8.1
_1940_,8.1
_3715_,8.1
_1008_,8.09
_1534_,8.08
_1004_,8.06
_2473_,8.06
_0584_,8.04
_1416_,8.04
_1557_,8.04
_2577_,8.04
net108,8.04
_0672_,8.02
_1358_,8.02
_2026_,8.02
_2318_,8.02
A[0],8.01
_1163_,8
_1283_,8
_1461_,8
_0208_,7.98
_1167_,7.98
_1529_,7.98
_1731_,7.98
_2591_,7.98
_3203_,7.98
_3430_,7.98
_3719_,7.98
_0764_,7.975
_2522_,7.96
_1238_,7.955
_1841_,7.94
_2760_,7.94
_3016_,7.94
_3486_,7.94
_3609_,7.94
A[12],7.92
_0133_,7.92
_0176_,7.92
_2962_,7.92
_2925_,7.91
_0642_,7.9
_1439_,7.9
_1860_,7.9
_1882_,7.9
_2689_,7.9
_2406_,7.88
_3257_,7.88
_3619_,7.88
_1179_,7.87
_2017_,7.86
_2170_,7.86
_2175_,7.86
_2534_,7.86
_2601_,7.86
_3115_,7.84
_0757_,7.82
_2153_,7.82
_3410_,7.82
_1870_,7.815
_0830_,7.8
_2674_,7.8
_0371_,7.78
_0861_,7.78
_1680_,7.78
_1777_,7.78
_1914_,7.78
_2176_,7.78
_2194_,7.78
_2217_,7.78
_2520_,7.78
_2573_,7.78
_2621_,7.78
_0728_,7.76
_2603_,7.76
_3060_,7.76
_0656_,7.74
_1781_,7.74
_2107_,7.74
_2716_,7.74
_0302_,7.7
_1385_,7.7
_2101_,7.7
_2508_,7.7
_0230_,7.68
_0871_,7.66
_1118_,7.66
_1743_,7.66
_3645_,7.66
_3823_,7.66
_0310_,7.64
_0381_,7.64
_1000_,7.64
_1006_,7.64
_1281_,7.64
_1392_,7.64
_1552_,7.64
_2221_,7.64
_2256_,7.64
_2296_,7.64
_2435_,7.64
_3686_,7.64
_0990_,7.62
_3762_,7.62
_1316_,7.61
_0277_,7.6
_0714_,7.6
_2541_,7.6
_2866_,7.6
_3136_,7.6
_3193_,7.6
_0992_,7.58
_2356_,7.58
_2421_,7.58
_2500_,7.58
_2543_,7.58
_2883_,7.57
_1318_,7.56
_1801_,7.56
_2719_,7.56
_2901_,7.56
_0902_,7.54
_2249_,7.54
_3770_,7.54
_0064_,7.52
_0362_,7.52
_0675_,7.52
_0835_,7.52
_0863_,7.52
_1536_,7.52
_3544_,7.52
_2021_,7.5
_2819_,7.5
_0330_,7.48
_0227_,7.46
_1399_,7.46
_1992_,7.46
_0147_,7.44
_0531_,7.44
_1596_,7.44
_1780_,7.44
_2193_,7.44
_2743_,7.44
_2935_,7.44
_1462_,7.43
_3691_,7.42
_1295_,7.4
_1613_,7.4
_2516_,7.38
_2783_,7.38
result[23],7.37
_3008_,7.34
_0513_,7.32
_0882_,7.32
_1028_,7.32
_1164_,7.32
_1494_,7.32
_1546_,7.32
_2246_,7.32
_2569_,7.32
_1139_,7.28
_1575_,7.28
_2563_,7.28
_2776_,7.28
_3276_,7.28
_3051_,7.26
_0304_,7.24
_1440_,7.24
B[23],7.23
_1036_,7.225
_2237_,7.22
_0231_,7.2
_0662_,7.2
_1025_,7.2
_1168_,7.2
_1647_,7.2
_2224_,7.2
_2239_,7.2
_2407_,7.2
_2547_,7.2
_3005_,7.2
_3089_,7.2
_3604_,7.2
_2144_,7.195
_0834_,7.18
_1269_,7.18
_1338_,7.18
_3227_,7.18
_3244_,7.18
_3530_,7.18
_0287_,7.16
_3023_,7.16
_0325_,7.14
_0526_,7.12
_0763_,7.12
_1002_,7.12
_1301_,7.12
_1937_,7.12
_2277_,7.12
_2411_,7.12
_2590_,7.12
_2795_,7.12
_3464_,7.12
result[7],7.11
_1605_,7.1
_2054_,7.1
_2338_,7.1
_1809_,7.095
_2033_,7.08
_2182_,7.08
_2937_,7.08
_0575_,7.06
_1521_,7.06
_1910_,7.06
_3841_,7.06
_0847_,7.04
_3111_,7.04
_0306_,7
_2697_,7
_0421_,6.98
_0909_,6.98
_1312_,6.98
_2586_,6.98
net139,6.98
_0157_,6.94
_1635_,6.94
_1725_,6.94
_2639_,6.94
_2988_,6.94
_3337_,6.94
_3826_,6.94
net130,6.94
_0631_,6.92
_2759_,6.92
B[26],6.91
_1302_,6.9
_2368_,6.88
_3684_,6.88
_0053_,6.86
_0524_,6.86
_0793_,6.86
_1045_,6.86
_1313_,6.86
_2172_,6.86
_1642_,6.84
_2141_,6.82
_2844_,6.82
_2166_,6.8
_2970_,6.79
_0500_,6.78
_2034_,6.78
_2792_,6.78
_3039_,6.78
_3218_,6.78
_3224_,6.78
_2587_,6.76
_0669_,6.74
_0670_,6.74
_0963_,6.74
_1030_,6.74
_1738_,6.74
_2230_,6.74
_2250_,6.74
_3811_,6.74
_0252_,6.72
_0776_,6.72
_1363_,6.72
_1530_,6.72
_2013_,6.72
_2567_,6.72
_3824_,6.72
_1756_,6.7
_2755_,6.69
_2537_,6.645
_1049_,6.64
_1441_,6.64
_2766_,6.64
_2861_,6.64
_3513_,6.64
_0319_,6.62
_0858_,6.62
_2174_,6.62
_3047_,6.62
_0109_,6.6
_0283_,6.6
_0377_,6.6
_1014_,6.6
_1114_,6.6
_2037_,6.6
_2305_,6.6
_3006_,6.6
_3792_,6.6
_2145_,6.58
_1472_,6.54
_0139_,6.52
_0182_,6.52
_0573_,6.52
_1248_,6.52
_1604_,6.52
_3399_,6.52
_0057_,6.48
_1125_,6.48
_3083_,6.48
_3636_,6.48
_1974_,6.46
_2852_,6.46
_0175_,6.44
_2218_,6.44
result[8],6.43
_0422_,6.42
_1866_,6.42
_2808_,6.42
_0770_,6.4
_1322_,6.4
_2391_,6.4
_2893_,6.4
_2641_,6.38
_3498_,6.38
_0408_,6.36
_0870_,6.36
_3027_,6.36
_3819_,6.36
_0232_,6.32
_1386_,6.32
_1677_,6.32
_1856_,6.32
_3118_,6.32
_0950_,6.3
_1703_,6.3
_1918_,6.3
_2971_,6.3
_3564_,6.3
_0886_,6.28
_1128_,6.28
_1278_,6.28
_1436_,6.28
_1504_,6.28
net150,6.28
_0632_,6.26
_0741_,6.26
_1463_,6.26
_2326_,6.26
_3657_,6.26
_1565_,6.24
_1397_,6.2
_2445_,6.2
_3192_,6.2
_1427_,6.18
_2209_,6.18
_2402_,6.18
_1595_,6.175
_0932_,6.16
_1456_,6.16
_1825_,6.16
_0047_,6.14
_0652_,6.14
_0865_,6.14
_0970_,6.14
_1110_,6.14
_1292_,6.14
_2498_,6.14
_3080_,6.14
_3098_,6.14
_3477_,6.14
_1681_,6.12
A[4],6.09
B[19],6.09
_1132_,6.08
_0533_,6.06
_1170_,6.06
_1573_,6.06
_1849_,6.06
_1946_,6.06
_2945_,6.06
_3788_,6.06
_3840_,6.06
_0140_,6.04
_1925_,6.02
B[20],5.97
_0666_,5.96
_2390_,5.96
_3070_,5.96
_3369_,5.96
_0058_,5.94
_0709_,5.94
_2100_,5.94
_2231_,5.94
_2377_,5.94
_2398_,5.94
_2503_,5.94
_2698_,5.94
_2739_,5.94
_3000_,5.94
_3020_,5.94
_0343_,5.92
B[22],5.87
_1550_,5.86
_1922_,5.86
_2003_,5.86
_3002_,5.86
_3187_,5.86
_3831_,5.86
net127,5.86
_1007_,5.855
_3240_,5.84
_1511_,5.83
_0869_,5.82
_1433_,5.82
_2207_,5.82
_3560_,5.82
_0224_,5.8
_0261_,5.8
_0891_,5.8
_2171_,5.8
_2195_,5.8
_3135_,5.8
_3222_,5.8
_3237_,5.8
_3341_,5.8
_3813_,5.8
net135,5.8
A[25],5.75
result[11],5.75
result[14],5.75
result[3],5.75
result[5],5.75
_0127_,5.74
_0184_,5.74
_0431_,5.74
_0515_,5.74
_1016_,5.74
_2075_,5.74
_2527_,5.74
_2544_,5.74
_2545_,5.74
_2741_,5.74
_2801_,5.74
_3048_,5.74
_3495_,5.74
_3703_,5.74
_0009_,5.72
_0449_,5.72
_0592_,5.72
_0949_,5.72
_1043_,5.72
_3009_,5.72
_3584_,5.72
_0539_,5.68
_3159_,5.68
_3523_,5.68
A[2],5.63
_3626_,5.63
_0187_,5.62
_2930_,5.61
_0884_,5.6
_1644_,5.6
_1699_,5.6
_1865_,5.6
_1955_,5.6
_2546_,5.6
_2931_,5.6
_2952_,5.6
_3782_,5.6
_3685_,5.59
_0301_,5.585
_2862_,5.58
_2352_,5.56
_0297_,5.555
_3630_,5.53
_1404_,5.52
_2885_,5.52
_1037_,5.51
_2020_,5.5
_3301_,5.5
_1663_,5.48
_2629_,5.48
_2664_,5.48
_3467_,5.48
_3625_,5.48
result[1],5.41
_0894_,5.4
_0928_,5.4
_1662_,5.4
_2232_,5.4
_2403_,5.4
_2974_,5.4
_3001_,5.4
_3172_,5.4
_3204_,5.4
_3511_,5.4
_3608_,5.4
_1712_,5.38
_2253_,5.38
_3481_,5.38
net119,5.38
_0136_,5.36
_2519_,5.36
_2989_,5.36
_0056_,5.34
_0363_,5.34
_2415_,5.34
_2892_,5.34
_3383_,5.34
_3680_,5.34
_3773_,5.34
_1653_,5.3
_0219_,5.28
_0379_,5.28
_2540_,5.28
_2663_,5.28
_2745_,5.28
_3038_,5.28
_0234_,5.26
_0734_,5.26
_0735_,5.26
_0755_,5.26
_1517_,5.26
_2294_,5.26
_2313_,5.26
_2354_,5.26
_2924_,5.26
_3418_,5.26
_3799_,5.26
_0342_,5.24
_0777_,5.24
_2319_,5.24
_2761_,5.24
_2959_,5.24
_3733_,5.24
_3624_,5.22
_3744_,5.22
_1240_,5.18
_2048_,5.16
_2484_,5.16
_3286_,5.16
_0119_,5.14
_2428_,5.14
_3387_,5.14
A[23],5.07
B[18],5.07
result[10],5.07
result[13],5.07
result[17],5.07
result[2],5.07
result[4],5.07
result[6],5.07
result[9],5.07
_2450_,5.06
_2938_,5.06
_0008_,5.04
_0727_,5.04
_0829_,5.04
_1997_,5.04
_3120_,5.04
_3295_,5.03
_0454_,5.02
_0836_,5.02
_1148_,5.02
_2724_,5.02
_2821_,5.02
_2957_,5.02
_3061_,5.02
_3167_,5.02
_3695_,5.02
_0712_,4.94
_1099_,4.94
_1143_,4.94
_2251_,4.94
_2767_,4.94
_2920_,4.94
_3202_,4.94
_3206_,4.94
_3722_,4.94
_0146_,4.92
_0509_,4.92
_0616_,4.92
_2860_,4.92
_3126_,4.92
_3757_,4.92
_0334_,4.9
_0756_,4.9
_0890_,4.9
_1769_,4.9
_1902_,4.9
_2200_,4.9
_3444_,4.9
_3497_,4.9
_1145_,4.88
_2684_,4.88
_3146_,4.88
_3176_,4.88
_3421_,4.88
_3543_,4.88
net134,4.88
A[22],4.85
result[27],4.85
result[28],4.85
_1171_,4.82
_1954_,4.82
_2283_,4.82
_3099_,4.82
_3147_,4.82
_3769_,4.82
_0409_,4.8
_0418_,4.8
_0602_,4.8
_1165_,4.8
_1660_,4.8
_1803_,4.8
_2526_,4.8
_2549_,4.8
_2882_,4.8
_2943_,4.8
_3282_,4.8
_3496_,4.8
_1438_,4.78
_0063_,4.76
_0496_,4.76
A[24],4.73
_1984_,4.705
_0205_,4.7
_1079_,4.7
_0446_,4.68
_1390_,4.68
_2268_,4.68
_3078_,4.68
_3631_,4.66
_0722_,4.6
_0991_,4.6
_2409_,4.58
_2578_,4.58
_2904_,4.58
_1551_,4.56
_1926_,4.56
_2717_,4.56
_3007_,4.56
_1232_,4.54
_1666_,4.54
_1904_,4.54
_2835_,4.54
_2599_,4.51
_0006_,4.48
_0318_,4.48
_0754_,4.48
_1434_,4.48
_2102_,4.48
_3615_,4.48
_0100_,4.46
_2177_,4.46
_2188_,4.46
_2499_,4.46
_2690_,4.46
_2896_,4.46
_3480_,4.46
net113,4.46
net125,4.46
_0046_,4.44
_0229_,4.44
_2027_,4.44
_0022_,4.42
_0888_,4.42
_1149_,4.42
_2782_,4.42
_3056_,4.42
_3158_,4.42
B[21],4.39
B[24],4.39
result[0],4.39
result[12],4.39
result[15],4.39
result[16],4.39
_1700_,4.36
_2483_,4.36
_0238_,4.34
_0530_,4.34
_0995_,4.34
_1015_,4.34
_1300_,4.34
_1351_,4.34
_1499_,4.34
_1673_,4.34
_2010_,4.34
_2890_,4.34
_2939_,4.34
_3150_,4.34
_3347_,4.34
_3510_,4.34
_2510_,4.33
_2115_,4.24
_1266_,4.22
_1685_,4.22
_2281_,4.22
_2990_,4.22
_3114_,4.15
_0185_,4.14
_1813_,4.14
_3183_,4.14
_3291_,4.14
_3687_,4.14
_2985_,4.1
_2376_,4.04
_0968_,4.025
_0391_,4.02
_0613_,4.02
_1855_,4.02
_2512_,4.02
_2620_,4.02
_3570_,4.02
_3655_,4.02
_0190_,4
_0345_,4
_0520_,4
_0958_,4
_1084_,4
_1368_,4
_2646_,4
_2811_,4
_3094_,4
_3246_,4
_3532_,4
_3552_,4
_3605_,4
_2822_,3.9
_2853_,3.9
_3024_,3.9
_3164_,3.9
_3738_,3.9
_0131_,3.88
_0225_,3.88
_0337_,3.88
_1669_,3.88
_1820_,3.88
_1851_,3.88
_2740_,3.88
_2870_,3.88
_3735_,3.88
_3712_,3.84
_3765_,3.78
_1896_,3.76
_3266_,3.74
_3478_,3.74
_0398_,3.68
_2773_,3.68
_3716_,3.68
_0200_,3.645
_3812_,3.64
net126,3.64
net137,3.64
_3555_,3.565
_0540_,3.56
_1346_,3.56
_1515_,3.56
_2262_,3.56
_2656_,3.56
_3145_,3.56
_3806_,3.56
_0042_,3.54
_0314_,3.54
_0924_,3.54
_0954_,3.54
_1032_,3.54
_1109_,3.54
_1344_,3.54
_1689_,3.54
_1694_,3.54
_1749_,3.54
_2493_,3.54
_2502_,3.54
_2665_,3.54
_2805_,3.54
_3092_,3.54
_3278_,3.54
_3616_,3.54
net114,3.54
_0024_,3.52
_3649_,3.52
_0089_,3.44
_0960_,3.44
_1819_,3.44
_2676_,3.44
_3113_,3.44
_3247_,3.44
net128,3.44
_0132_,3.42
_0204_,3.42
_0736_,3.42
_0825_,3.42
_0873_,3.42
_1220_,3.42
_1340_,3.42
_1375_,3.42
_1574_,3.42
_1840_,3.42
_1935_,3.42
_2830_,3.42
_2973_,3.42
_3012_,3.42
_3096_,3.42
_3125_,3.42
_3194_,3.42
_3556_,3.42
_3665_,3.42
_3741_,3.42
_3752_,3.42
_3756_,3.42
_2488_,3.405
_2316_,3.32
_3296_,3.32
_1034_,3.3
_2392_,3.3
_2566_,3.3
_3545_,3.295
_0217_,3.28
_0086_,3.22
_1606_,3.22
_2552_,3.22
_3242_,3.22
_1378_,3.195
_2269_,3.18
_2416_,3.18
_2480_,3.18
_2905_,3.18
_3731_,3.18
_0082_,3.1
_0198_,3.1
_0601_,3.1
_0637_,3.1
_0988_,3.1
_1095_,3.1
_1219_,3.1
_1308_,3.1
_1377_,3.1
_1827_,3.1
_2124_,3.1
_2147_,3.1
_2442_,3.1
_2571_,3.1
_2596_,3.1
_2661_,3.1
_2813_,3.1
_3022_,3.1
_3034_,3.1
_3077_,3.1
_3676_,3.1
_0028_,3.08
_0523_,3.08
_0772_,3.08
_0930_,3.08
_1098_,3.08
_1674_,3.08
_2879_,3.08
_2884_,3.08
_2906_,3.08
_2942_,3.08
_3178_,3.08
_3479_,3.08
_3596_,3.08
_3718_,3.08
_1218_,2.98
_2956_,2.98
_3068_,2.98
_3184_,2.98
_3189_,2.98
_0020_,2.96
_0088_,2.96
_0497_,2.96
_0751_,2.96
_0851_,2.96
_1174_,2.96
_1383_,2.96
_1706_,2.96
_2304_,2.96
_2355_,2.96
_2762_,2.96
_2946_,2.96
_2986_,2.96
_3106_,2.96
_3205_,2.96
_3213_,2.96
_3734_,2.96
_3214_,2.86
_1714_,2.84
_3233_,2.805
_0172_,2.76
_0298_,2.76
_0451_,2.76
_1221_,2.76
_1231_,2.76
_3506_,2.76
_2103_,2.72
_2981_,2.72
_3525_,2.72
_0372_,2.64
_0516_,2.64
_0711_,2.64
_0956_,2.64
_1216_,2.64
_1277_,2.64
_1688_,2.64
_2143_,2.64
_2196_,2.64
_2310_,2.64
_2511_,2.64
_2585_,2.64
_2733_,2.64
_2865_,2.64
_2917_,2.64
_3155_,2.64
_3182_,2.64
_3514_,2.64
_0004_,2.62
_0269_,2.62
_0838_,2.62
_0989_,2.62
_1362_,2.62
_2492_,2.62
_2631_,2.62
_2732_,2.62
_3137_,2.62
_3235_,2.62
_3372_,2.62
_3400_,2.62
_3473_,2.62
_3562_,2.62
_3601_,2.62
_3648_,2.62
net104,2.62
net123,2.62
_0289_,2.52
_0417_,2.52
_1991_,2.52
_2912_,2.52
_3123_,2.52
_3705_,2.52
_0550_,2.5
_0827_,2.5
_0840_,2.5
_0849_,2.5
_1073_,2.5
_1227_,2.5
_1280_,2.5
_1350_,2.5
_1601_,2.5
_1891_,2.5
_1892_,2.5
_1994_,2.5
_2028_,2.5
_2088_,2.5
_2159_,2.5
_2180_,2.5
_2894_,2.5
_3003_,2.5
_3076_,2.5
_3100_,2.5
_3472_,2.5
_3586_,2.5
_3678_,2.5
_3775_,2.5
_0600_,2.4
_0974_,2.3
_1243_,2.3
_1256_,2.3
_1284_,2.3
_1465_,2.3
_1553_,2.3
_1580_,2.3
_1733_,2.3
_1858_,2.3
_2002_,2.3
_2271_,2.3
_2418_,2.3
_2523_,2.3
_2742_,2.3
_2874_,2.3
_2961_,2.3
_3133_,2.3
_3173_,2.3
_3439_,2.3
_3591_,2.3
_0962_,2.28
_1354_,2.28
_1506_,2.28
_3073_,2.28
_3727_,2.28
_0103_,2.18
_0544_,2.18
_0597_,2.18
_0604_,2.18
_0640_,2.18
_1147_,2.18
_1229_,2.18
_1253_,2.18
_1520_,2.18
_3131_,2.18
_3144_,2.18
_3153_,2.18
_3180_,2.18
_3181_,2.18
_3401_,2.18
_3642_,2.18
_3652_,2.18
_3818_,2.18
_0000_,2.16
_0037_,2.16
_0411_,2.16
_0615_,2.16
_0657_,2.16
_0744_,2.16
_1010_,2.16
_1105_,2.16
_1286_,2.16
_1505_,2.16
_1826_,2.16
_2108_,2.16
_2226_,2.16
_2396_,2.16
_2647_,2.16
_2680_,2.16
_2720_,2.16
_3124_,2.16
_3129_,2.16
_3175_,2.16
_3368_,2.16
_3419_,2.16
_3420_,2.16
_3507_,2.16
_3726_,2.16
net111,2.16
net112,2.16
_1836_,2.09
_0633_,2.06
_0665_,2.06
_1389_,2.06
_1420_,2.06
_1776_,2.06
_2244_,2.06
_2723_,2.06
_2753_,2.06
_2790_,2.06
_3199_,2.06
_3465_,2.06
_0235_,2.055
_0178_,2.04
_0188_,2.04
_0271_,2.04
_0460_,2.04
_0493_,2.04
_0504_,2.04
_0731_,2.04
_1458_,2.04
_1540_,2.04
_1600_,2.04
_1693_,2.04
_1774_,2.04
_1964_,2.04
_2015_,2.04
_2370_,2.04
_2588_,2.04
_2662_,2.04
_2691_,2.04
_2706_,2.04
_2841_,2.04
_2873_,2.04
_2886_,2.04
_2908_,2.04
_2934_,2.04
_3462_,2.04
_3582_,2.04
_3594_,2.04
_3803_,2.04
net110,2.04
_0654_,1.94
_0134_,1.84
_0216_,1.84
_0281_,1.84
_0724_,1.84
_1528_,1.84
_1762_,1.84
_1995_,1.84
_2491_,1.84
_2708_,1.84
_2785_,1.84
_2927_,1.84
_2994_,1.84
_3499_,1.84
_3750_,1.84
net131,1.84
_0587_,1.82
_2797_,1.82
_3082_,1.82
_3618_,1.82
net122,1.82
_0952_,1.73
_0005_,1.72
_0099_,1.72
_1410_,1.72
_1883_,1.72
_2479_,1.72
_2709_,1.72
_2736_,1.72
_2737_,1.72
_3157_,1.72
_3659_,1.72
_3669_,1.72
_0625_,1.7
_0719_,1.7
_1039_,1.7
_1382_,1.7
_1652_,1.7
_1822_,1.7
_2928_,1.7
_2976_,1.7
_3084_,1.7
_3264_,1.7
_3402_,1.7
_3502_,1.7
_3640_,1.7
_3664_,1.7
_3688_,1.7
_3771_,1.7
net105,1.7
net147,1.7
_0784_,1.65
_3250_,1.6
_0589_,1.56
_1981_,1.48
_2670_,1.48
_2682_,1.48
_0051_,1.38
_0085_,1.38
_0177_,1.38
_0212_,1.38
_0274_,1.38
_0400_,1.38
_0436_,1.38
_0541_,1.38
_1081_,1.38
_1123_,1.38
_1210_,1.38
_2029_,1.38
_2152_,1.38
_2265_,1.38
_2701_,1.38
_2891_,1.38
_2967_,1.38
_3245_,1.38
_3547_,1.38
_3071_,1.36
_3572_,1.36
_3729_,1.36
_0023_,1.26
_0112_,1.26
_1246_,1.26
_1811_,1.26
_3028_,1.26
_3148_,1.26
_3561_,1.26
_2807_,1.14
net136,1.14
net141,1.14
_3292_,1.1
_0959_,1.02
_0410_,0.92
_0611_,0.92
_0979_,0.92
_1326_,0.92
_1678_,0.92
_1999_,0.92
_2001_,0.92
_2040_,0.92
_2308_,0.92
net120,0.92
net138,0.85
_0027_,0.8
_1357_,0.8
_2630_,0.8
_0275_,0.46
_0293_,0.46
_0415_,0.46
_0969_,0.46
_1371_,0.46
_1814_,0.46
_1862_,0.46
_2489_,0.46
_2675_,0.46
_2864_,0.46
_3171_,0.46
_3367_,0.46
_3409_,0.46
_3656_,0.46
